country,year,community_id
Afghanistan,2016,3
Myanmar,2016,3
Canada,2016,2
Germany,2016,0
Honduras,2016,2
CÃ´te d'Ivoire,2016,1
Kuwait,2016,3
Mozambique,2016,3
South Africa,2016,3
Spain,2016,2
Switzerland,2016,0
Tajikistan,2016,4
Thailand,2016,3
TÃ¼rkiye,2016,1
Burkina Faso,2016,3
Albania,2016,4
Angola,2016,3
Barbados,2016,2
Congo,2016,1
Dominican Rep.,2016,2
Greece,2016,1
Hungary,2016,1
Italy,2016,0
Mali,2016,1
Netherlands,2016,0
Niger,2016,3
Senegal,2016,1
Serbia,2016,4
Algeria,2016,1
Australia,2016,1
Austria,2016,0
Belgium,2016,1
Cameroon,2016,1
Cabo Verde,2016,3
Chad,2016,3
Benin,2016,1
Denmark,2016,4
Finland,2016,4
France,2016,1
French Polynesia,2016,0
Gabon,2016,3
"China, Hong Kong SAR",2016,2
Iraq,2016,3
Ireland,2016,1
Jordan,2016,3
Rep. of Korea,2016,2
Lebanon,2016,3
Libya,2016,3
Luxembourg,2016,1
Mauritania,2016,3
Morocco,2016,3
Norway,2016,4
Poland,2016,4
Saudi Arabia,2016,3
India,2016,3
Viet Nam,2016,2
Sudan,2016,3
Sweden,2016,4
Tunisia,2016,3
North Macedonia,2016,4
United Kingdom,2016,0
American Samoa,2016,3
New Zealand,2016,2
Slovakia,2016,4
Samoa,2016,3
Andorra,2016,1
Argentina,2016,2
Colombia,2016,2
Estonia,2016,4
Georgia,2016,4
Israel,2016,0
Malta,2016,0
Mexico,2016,2
Namibia,2016,1
Palau,2016,3
Panama,2016,2
Peru,2016,2
Portugal,2016,3
Qatar,2016,2
Russian Federation,2016,4
Singapore,2016,0
United Arab Emirates,2016,3
Uruguay,2016,2
China,2016,2
Dem. Rep. of the Congo,2016,1
Guinea,2016,2
Sao Tome and Principe,2016,2
USA,2016,2
Zambia,2016,4
Antigua and Barbuda,2016,2
Br. Virgin Isds,2016,2
Sri Lanka,2016,3
Dominica,2016,3
Grenada,2016,3
Guyana,2016,3
Montserrat,2016,2
Saint Kitts and Nevis,2016,2
Anguilla,2016,2
Saint Lucia,2016,3
Saint Vincent and the Grenadines,2016,3
United Rep. of Tanzania,2016,3
Azerbaijan,2016,4
Kazakhstan,2016,4
Latvia,2016,4
Rep. of Moldova,2016,4
Eswatini,2016,3
Bahrain,2016,3
Bangladesh,2016,3
Bolivia (Plurinational State of),2016,2
Bosnia Herzegovina,2016,4
Brazil,2016,2
Belize,2016,2
Bulgaria,2016,4
Belarus,2016,4
Cambodia,2016,3
Chile,2016,2
Costa Rica,2016,2
Croatia,2016,4
Cuba,2016,3
Cyprus,2016,3
Czechia,2016,4
Ecuador,2016,3
El Salvador,2016,2
State of Palestine,2016,0
Ghana,2016,1
Guatemala,2016,2
Haiti,2016,3
Indonesia,2016,3
Iran,2016,4
Jamaica,2016,3
Japan,2016,2
Kenya,2016,3
Kyrgyzstan,2016,4
Lithuania,2016,4
"China, Macao SAR",2016,1
Malaysia,2016,3
Mauritius,2016,1
"Other Asia, nes",2016,2
Mongolia,2016,4
Oman,2016,3
Nicaragua,2016,3
Pakistan,2016,3
Paraguay,2016,3
Philippines,2016,3
Romania,2016,4
Slovenia,2016,4
Syria,2016,4
Togo,2016,3
Trinidad and Tobago,2016,3
Turkmenistan,2016,4
Uganda,2016,1
Ukraine,2016,4
Egypt,2016,3
Uzbekistan,2016,4
Venezuela,2016,3
Yemen,2016,3
Bahamas,2016,2
Armenia,2016,4
Bhutan,2016,3
Botswana,2016,3
Solomon Isds,2016,3
Brunei Darussalam,2016,3
Cayman Isds,2016,2
Central African Rep.,2016,3
Christmas Isds,2016,1
Cocos Isds,2016,1
Cook Isds,2016,2
Ethiopia,2016,1
Falkland Isds (Malvinas),2016,0
Fiji,2016,3
Djibouti,2016,1
Gambia,2016,3
Kiribati,2016,2
Guam,2016,3
Iceland,2016,4
Lao People's Dem. Rep.,2016,3
Lesotho,2016,1
Madagascar,2016,3
Malawi,2016,2
Maldives,2016,3
Montenegro,2016,4
Nauru,2016,1
Nepal,2016,3
CuraÃ§ao,2016,3
New Caledonia,2016,1
Vanuatu,2016,3
Nigeria,2016,2
Norfolk Isds,2016,3
FS Micronesia,2016,3
Marshall Isds,2016,2
Papua New Guinea,2016,3
Timor-Leste,2016,3
Rwanda,2016,4
Seychelles,2016,1
Somalia,2016,3
Zimbabwe,2016,3
Suriname,2016,2
Tonga,2016,2
Tuvalu,2016,1
Burundi,2016,3
Dem. People's Rep. of Korea,2016,2
Liberia,2016,3
Sierra Leone,2016,3
South Sudan,2016,3
Turks and Caicos Isds,2016,3
Bermuda,2016,0
Aruba,2016,3
Saint Maarten,2016,2
Wallis and Futuna Isds,2016,2
Comoros,2016,1
Equatorial Guinea,2016,3
Eritrea,2016,3
Gibraltar,2016,3
Guinea-Bissau,2016,3
San Marino,2016,2
Br. Indian Ocean Terr.,2016,1
Saint Helena,2016,0
Saint Pierre and Miquelon,2016,1
Greenland,2016,0
Niue,2016,2
Saint BarthÃ©lemy,2016,1
Bonaire,2016,0
Tokelau,2016,2
Fr. South Antarctic Terr.,2016,0
N. Mariana Isds,2016,2
Pitcairn,2016,2
Afghanistan,2017,3
Canada,2017,4
Dominican Rep.,2017,1
Ecuador,2017,1
Germany,2017,0
Nepal,2017,3
Panama,2017,1
Senegal,2017,0
Spain,2017,0
Burkina Faso,2017,3
Albania,2017,2
Azerbaijan,2017,2
Austria,2017,0
Armenia,2017,2
Barbados,2017,1
Chile,2017,1
France,2017,0
Greece,2017,0
Italy,2017,0
Luxembourg,2017,0
Netherlands,2017,0
Nicaragua,2017,1
Niger,2017,3
Paraguay,2017,1
Qatar,2017,3
Serbia,2017,2
Slovenia,2017,0
Sweden,2017,2
Switzerland,2017,0
TÃ¼rkiye,2017,3
North Macedonia,2017,2
Algeria,2017,3
Belgium,2017,0
Belarus,2017,2
Cameroon,2017,3
China,2017,4
Congo,2017,3
Benin,2017,3
Denmark,2017,2
Gabon,2017,3
Guinea,2017,3
Iraq,2017,3
Ireland,2017,0
CÃ´te d'Ivoire,2017,3
Jordan,2017,3
Rep. of Korea,2017,4
Lebanon,2017,3
Libya,2017,3
Mali,2017,0
Mauritania,2017,3
Morocco,2017,3
Poland,2017,2
Saudi Arabia,2017,3
India,2017,3
Viet Nam,2017,3
South Africa,2017,4
Sudan,2017,3
United Arab Emirates,2017,3
Tunisia,2017,3
United Kingdom,2017,3
USA,2017,4
American Samoa,2017,0
Indonesia,2017,3
Kenya,2017,3
Singapore,2017,4
Samoa,2017,4
Andorra,2017,3
Argentina,2017,1
Australia,2017,4
Greenland,2017,2
Mexico,2017,1
Namibia,2017,0
Nigeria,2017,3
Norway,2017,2
Palau,2017,4
Peru,2017,1
Saint Kitts and Nevis,2017,1
Seychelles,2017,3
Eswatini,2017,3
Venezuela,2017,3
Zambia,2017,2
Angola,2017,3
Brazil,2017,1
Cabo Verde,2017,3
Dem. Rep. of the Congo,2017,0
Cyprus,2017,3
Ethiopia,2017,0
Ghana,2017,3
Portugal,2017,3
Russian Federation,2017,2
Sao Tome and Principe,2017,3
Antigua and Barbuda,2017,1
Br. Virgin Isds,2017,1
Sri Lanka,2017,3
Dominica,2017,3
El Salvador,2017,1
Grenada,2017,3
Montserrat,2017,1
Saint Lucia,2017,3
Saint Vincent and the Grenadines,2017,3
Croatia,2017,2
French Polynesia,2017,0
Georgia,2017,2
Kazakhstan,2017,2
Latvia,2017,2
Lithuania,2017,2
Ukraine,2017,2
Bahamas,2017,1
Bahrain,2017,2
Bangladesh,2017,3
Bolivia (Plurinational State of),2017,1
Bosnia Herzegovina,2017,2
Belize,2017,1
Bulgaria,2017,2
Myanmar,2017,3
Cambodia,2017,3
Colombia,2017,1
Costa Rica,2017,1
Cuba,2017,1
Czechia,2017,2
Finland,2017,4
State of Palestine,2017,4
Guatemala,2017,1
Guyana,2017,3
Haiti,2017,3
Honduras,2017,1
"China, Hong Kong SAR",2017,4
Hungary,2017,2
Iran,2017,3
Israel,2017,4
Jamaica,2017,1
Japan,2017,4
Kuwait,2017,4
Kyrgyzstan,2017,2
Lao People's Dem. Rep.,2017,3
"China, Macao SAR",2017,2
Malaysia,2017,4
Maldives,2017,3
Mauritius,2017,3
"Other Asia, nes",2017,4
Mongolia,2017,0
Rep. of Moldova,2017,2
Mozambique,2017,3
Oman,2017,3
New Zealand,2017,4
Pakistan,2017,3
Philippines,2017,3
Romania,2017,2
Slovakia,2017,2
Suriname,2017,3
Syria,2017,3
Thailand,2017,3
Togo,2017,3
Trinidad and Tobago,2017,3
Uganda,2017,0
Egypt,2017,3
United Rep. of Tanzania,2017,3
Uruguay,2017,1
Yemen,2017,3
Bhutan,2017,3
Botswana,2017,0
Solomon Isds,2017,4
Brunei Darussalam,2017,3
Cayman Isds,2017,3
Christmas Isds,2017,4
Cocos Isds,2017,4
Cook Isds,2017,2
Estonia,2017,2
Falkland Isds (Malvinas),2017,3
Fiji,2017,3
Djibouti,2017,0
Kiribati,2017,4
Guam,2017,4
Iceland,2017,2
Liberia,2017,3
Madagascar,2017,3
Malawi,2017,4
Malta,2017,2
Montenegro,2017,2
Nauru,2017,4
CuraÃ§ao,2017,1
New Caledonia,2017,4
Vanuatu,2017,3
Norfolk Isds,2017,4
N. Mariana Isds,2017,4
FS Micronesia,2017,3
Marshall Isds,2017,4
Papua New Guinea,2017,3
Timor-Leste,2017,3
Rwanda,2017,3
Sierra Leone,2017,3
Zimbabwe,2017,3
Tajikistan,2017,2
Tonga,2017,3
Tuvalu,2017,4
Chad,2017,3
Eritrea,2017,3
Dem. People's Rep. of Korea,2017,4
Somalia,2017,3
South Sudan,2017,0
Turkmenistan,2017,2
Uzbekistan,2017,3
Burundi,2017,3
Turks and Caicos Isds,2017,3
Bermuda,2017,0
Lesotho,2017,3
Aruba,2017,3
Saint Maarten,2017,1
Anguilla,2017,1
Central African Rep.,2017,3
Comoros,2017,3
Equatorial Guinea,2017,0
Gambia,2017,3
Gibraltar,2017,3
Guinea-Bissau,2017,3
Niue,2017,4
Br. Indian Ocean Terr.,2017,1
Saint Helena,2017,3
Saint Pierre and Miquelon,2017,4
Bonaire,2017,3
Fr. South Antarctic Terr.,2017,0
Saint BarthÃ©lemy,2017,0
San Marino,2017,1
Wallis and Futuna Isds,2017,3
Tokelau,2017,0
Afghanistan,2018,3
Australia,2018,3
Austria,2018,1
Belgium,2018,2
Cameroon,2018,3
Canada,2018,3
Denmark,2018,0
Dominican Rep.,2018,3
Ecuador,2018,3
French Polynesia,2018,2
Germany,2018,1
Honduras,2018,3
Israel,2018,1
Malta,2018,3
Spain,2018,1
Switzerland,2018,1
United Kingdom,2018,1
Albania,2018,0
Armenia,2018,0
Bulgaria,2018,0
Chile,2018,3
Congo,2018,2
France,2018,2
Greece,2018,2
Hungary,2018,0
Italy,2018,2
CÃ´te d'Ivoire,2018,3
Niger,2018,3
Poland,2018,0
Qatar,2018,3
Romania,2018,0
Senegal,2018,3
Serbia,2018,0
Slovenia,2018,0
Tajikistan,2018,0
North Macedonia,2018,0
Algeria,2018,1
Angola,2018,0
Belarus,2018,0
Benin,2018,3
Gabon,2018,3
Ireland,2018,2
Jordan,2018,3
Rep. of Korea,2018,3
Libya,2018,1
Mauritania,2018,3
Mauritius,2018,3
Morocco,2018,3
Netherlands,2018,1
Saudi Arabia,2018,3
India,2018,3
Viet Nam,2018,3
South Africa,2018,3
United Arab Emirates,2018,3
Tunisia,2018,3
Burkina Faso,2018,3
American Samoa,2018,3
Antigua and Barbuda,2018,3
El Salvador,2018,3
Kenya,2018,3
Samoa,2018,3
Andorra,2018,3
Argentina,2018,3
Barbados,2018,3
Colombia,2018,3
Fiji,2018,3
Finland,2018,3
Guyana,2018,3
Mexico,2018,3
Namibia,2018,3
Norway,2018,0
Palau,2018,3
Panama,2018,3
Peru,2018,3
Saint Lucia,2018,3
Sweden,2018,3
Yemen,2018,3
Brazil,2018,3
Dem. Rep. of the Congo,2018,3
Costa Rica,2018,3
Cuba,2018,3
Guatemala,2018,3
Nigeria,2018,3
Portugal,2018,0
Sao Tome and Principe,2018,0
Singapore,2018,1
USA,2018,3
Zambia,2018,3
Br. Virgin Isds,2018,1
Dominica,2018,3
Grenada,2018,1
Montserrat,2018,3
Anguilla,2018,3
Saint Vincent and the Grenadines,2018,3
Togo,2018,3
Trinidad and Tobago,2018,3
Azerbaijan,2018,0
Georgia,2018,0
Kyrgyzstan,2018,0
Latvia,2018,0
Luxembourg,2018,2
Rwanda,2018,3
TÃ¼rkiye,2018,3
Bahrain,2018,0
Bangladesh,2018,3
Bolivia (Plurinational State of),2018,3
Bosnia Herzegovina,2018,0
Belize,2018,3
Solomon Isds,2018,3
Myanmar,2018,3
Cambodia,2018,3
Sri Lanka,2018,3
China,2018,3
Croatia,2018,0
Czechia,2018,0
Ethiopia,2018,2
Estonia,2018,0
State of Palestine,2018,1
Haiti,2018,3
"China, Hong Kong SAR",2018,3
Indonesia,2018,3
Iran,2018,3
Iraq,2018,3
Jamaica,2018,0
Japan,2018,3
Kazakhstan,2018,0
Kuwait,2018,3
Lebanon,2018,3
Lithuania,2018,0
"China, Macao SAR",2018,3
Malaysia,2018,3
Mali,2018,3
"Other Asia, nes",2018,3
Mongolia,2018,0
Rep. of Moldova,2018,0
Mozambique,2018,3
Oman,2018,3
New Zealand,2018,3
Nicaragua,2018,3
Pakistan,2018,3
Paraguay,2018,3
Philippines,2018,3
Russian Federation,2018,0
Eswatini,2018,3
Thailand,2018,3
Uganda,2018,3
Ukraine,2018,0
Egypt,2018,3
Uruguay,2018,3
Uzbekistan,2018,0
Venezuela,2018,3
Bahamas,2018,3
Bhutan,2018,3
Botswana,2018,0
Brunei Darussalam,2018,3
Burundi,2018,3
Cayman Isds,2018,1
Central African Rep.,2018,3
Christmas Isds,2018,3
Cook Isds,2018,3
Cyprus,2018,0
Eritrea,2018,3
Falkland Isds (Malvinas),2018,1
Djibouti,2018,3
Ghana,2018,0
Kiribati,2018,1
Guam,2018,3
Guinea,2018,3
Iceland,2018,0
Lao People's Dem. Rep.,2018,3
Lesotho,2018,0
Liberia,2018,3
Madagascar,2018,3
Malawi,2018,3
Maldives,2018,3
Montenegro,2018,0
Nauru,2018,3
Nepal,2018,3
CuraÃ§ao,2018,1
New Caledonia,2018,3
Vanuatu,2018,3
Norfolk Isds,2018,3
N. Mariana Isds,2018,3
FS Micronesia,2018,3
Marshall Isds,2018,3
Papua New Guinea,2018,3
Timor-Leste,2018,3
Seychelles,2018,1
Slovakia,2018,0
Zimbabwe,2018,0
Sudan,2018,3
Suriname,2018,0
Tonga,2018,3
Tuvalu,2018,3
United Rep. of Tanzania,2018,3
Cabo Verde,2018,0
Gambia,2018,3
San Marino,2018,3
Sierra Leone,2018,3
Somalia,2018,3
South Sudan,2018,3
Syria,2018,3
Turkmenistan,2018,0
Bermuda,2018,3
Turks and Caicos Isds,2018,1
Chad,2018,3
Equatorial Guinea,2018,1
Aruba,2018,3
Saint Maarten,2018,3
Saint Kitts and Nevis,2018,3
Comoros,2018,2
Gibraltar,2018,0
Guinea-Bissau,2018,3
Dem. People's Rep. of Korea,2018,3
Br. Indian Ocean Terr.,2018,3
Saint Pierre and Miquelon,2018,3
Greenland,2018,1
Cocos Isds,2018,0
Niue,2018,3
Saint BarthÃ©lemy,2018,2
Wallis and Futuna Isds,2018,2
Fr. South Antarctic Terr.,2018,1
Bonaire,2018,1
Tokelau,2018,3
Pitcairn,2018,3
Saint Helena,2018,1
Afghanistan,2019,1
Canada,2019,3
Dominican Rep.,2019,3
Germany,2019,2
Ghana,2019,1
Indonesia,2019,3
Nepal,2019,1
Saint Lucia,2019,3
India,2019,1
South Africa,2019,0
Spain,2019,0
Tajikistan,2019,1
United Arab Emirates,2019,0
Albania,2019,0
Azerbaijan,2019,1
Belgium,2019,0
Chile,2019,3
Congo,2019,0
France,2019,0
Greece,2019,0
Honduras,2019,3
Hungary,2019,0
Italy,2019,0
Kyrgyzstan,2019,1
Mozambique,2019,1
Netherlands,2019,0
Niger,2019,0
Poland,2019,2
Senegal,2019,1
Serbia,2019,2
Slovenia,2019,2
TÃ¼rkiye,2019,3
Uganda,2019,1
North Macedonia,2019,2
United Kingdom,2019,0
Algeria,2019,2
Argentina,2019,3
Belarus,2019,1
Cameroon,2019,1
Denmark,2019,1
Gabon,2019,1
Ireland,2019,0
CÃ´te d'Ivoire,2019,1
Jordan,2019,0
Libya,2019,0
Mali,2019,3
Mauritania,2019,1
Morocco,2019,1
Oman,2019,3
Namibia,2019,1
Timor-Leste,2019,1
Saudi Arabia,2019,3
Viet Nam,2019,3
Togo,2019,0
Tunisia,2019,1
Egypt,2019,2
Burkina Faso,2019,1
Uruguay,2019,3
American Samoa,2019,3
Kenya,2019,3
Tonga,2019,3
Samoa,2019,3
Zambia,2019,1
Andorra,2019,3
Sri Lanka,2019,1
China,2019,3
Colombia,2019,3
El Salvador,2019,3
Ethiopia,2019,2
Israel,2019,0
Malta,2019,0
Mexico,2019,3
Rep. of Moldova,2019,1
Peru,2019,3
Qatar,2019,3
Sweden,2019,3
Switzerland,2019,2
Angola,2019,0
Brazil,2019,3
Dem. Rep. of the Congo,2019,3
Guatemala,2019,3
Nigeria,2019,3
Portugal,2019,0
Sao Tome and Principe,2019,0
Singapore,2019,2
Eswatini,2019,1
Antigua and Barbuda,2019,3
Barbados,2019,3
Br. Virgin Isds,2019,1
Dominica,2019,3
Ecuador,2019,3
Grenada,2019,3
Montserrat,2019,3
Saint Kitts and Nevis,2019,3
Saint Vincent and the Grenadines,2019,3
Trinidad and Tobago,2019,3
USA,2019,3
Austria,2019,2
Bahrain,2019,0
Myanmar,2019,3
Croatia,2019,3
Georgia,2019,1
"China, Hong Kong SAR",2019,3
Iran,2019,1
Rep. of Korea,2019,3
Latvia,2019,1
Luxembourg,2019,2
Russian Federation,2019,1
Australia,2019,3
Bahamas,2019,3
Bolivia (Plurinational State of),2019,3
Bosnia Herzegovina,2019,1
Belize,2019,3
Bulgaria,2019,1
Cambodia,2019,3
Costa Rica,2019,3
Cuba,2019,4
Czechia,2019,1
Benin,2019,1
Estonia,2019,1
Finland,2019,3
French Polynesia,2019,2
Gambia,2019,0
State of Palestine,2019,2
Guyana,2019,3
Haiti,2019,1
Iraq,2019,0
Jamaica,2019,3
Japan,2019,3
Kazakhstan,2019,1
Kuwait,2019,3
Lebanon,2019,3
Lithuania,2019,1
"China, Macao SAR",2019,2
Malawi,2019,1
Malaysia,2019,3
Mauritius,2019,3
"Other Asia, nes",2019,3
Mongolia,2019,1
New Zealand,2019,3
Nicaragua,2019,3
Pakistan,2019,1
Panama,2019,3
Paraguay,2019,3
Philippines,2019,3
Romania,2019,1
Slovakia,2019,1
Thailand,2019,3
Ukraine,2019,1
United Rep. of Tanzania,2019,3
Uzbekistan,2019,3
Venezuela,2019,4
Yemen,2019,0
Bangladesh,2019,3
Armenia,2019,1
Bermuda,2019,2
Bhutan,2019,1
Botswana,2019,1
Solomon Isds,2019,1
Brunei Darussalam,2019,3
Burundi,2019,1
Cabo Verde,2019,0
Cayman Isds,2019,1
Christmas Isds,2019,3
Cocos Isds,2019,0
Cook Isds,2019,3
Cyprus,2019,1
Falkland Isds (Malvinas),2019,0
Fiji,2019,1
Djibouti,2019,1
Kiribati,2019,3
Guam,2019,1
Iceland,2019,2
Lao People's Dem. Rep.,2019,3
Lesotho,2019,3
Madagascar,2019,3
Maldives,2019,2
Montenegro,2019,1
Nauru,2019,3
CuraÃ§ao,2019,0
New Caledonia,2019,3
Vanuatu,2019,3
Norfolk Isds,2019,3
Norway,2019,3
N. Mariana Isds,2019,3
FS Micronesia,2019,1
Marshall Isds,2019,3
Palau,2019,3
Papua New Guinea,2019,1
Rwanda,2019,1
Seychelles,2019,1
Zimbabwe,2019,1
Suriname,2019,3
Syria,2019,2
Tuvalu,2019,3
Liberia,2019,1
Anguilla,2019,3
San Marino,2019,3
Sierra Leone,2019,1
Somalia,2019,3
Sudan,2019,1
Turkmenistan,2019,1
Turks and Caicos Isds,2019,0
Aruba,2019,0
Saint Maarten,2019,3
Central African Rep.,2019,1
Chad,2019,1
Comoros,2019,0
Equatorial Guinea,2019,1
Eritrea,2019,1
Gibraltar,2019,0
Guinea,2019,0
Guinea-Bissau,2019,0
South Sudan,2019,2
Tokelau,2019,0
Saint BarthÃ©lemy,2019,0
Br. Indian Ocean Terr.,2019,3
Dem. People's Rep. of Korea,2019,1
Saint Pierre and Miquelon,2019,0
Fr. South Antarctic Terr.,2019,0
Greenland,2019,2
Niue,2019,3
Wallis and Futuna Isds,2019,0
Bonaire,2019,0
Pitcairn,2019,3
Saint Helena,2019,0
Afghanistan,2020,4
Angola,2020,4
Brunei Darussalam,2020,4
Cameroon,2020,4
Canada,2020,0
Sri Lanka,2020,4
Dominican Rep.,2020,0
France,2020,2
French Polynesia,2020,1
Germany,2020,1
Ireland,2020,1
Japan,2020,0
Kenya,2020,4
Lao People's Dem. Rep.,2020,0
Mali,2020,4
Nepal,2020,4
Saudi Arabia,2020,4
India,2020,4
Spain,2020,2
Switzerland,2020,1
Tajikistan,2020,3
United Kingdom,2020,2
Uzbekistan,2020,3
Albania,2020,3
Austria,2020,1
Belgium,2020,2
Congo,2020,4
Costa Rica,2020,0
El Salvador,2020,0
Greece,2020,2
Hungary,2020,3
Italy,2020,2
Netherlands,2020,2
Niger,2020,4
Panama,2020,0
Poland,2020,3
Qatar,2020,0
Romania,2020,3
Senegal,2020,4
Serbia,2020,3
Slovenia,2020,1
Zimbabwe,2020,0
TÃ¼rkiye,2020,3
Uganda,2020,0
North Macedonia,2020,3
Burkina Faso,2020,0
Algeria,2020,4
Gabon,2020,4
Georgia,2020,3
CÃ´te d'Ivoire,2020,4
Jordan,2020,4
Rep. of Korea,2020,3
Mauritania,2020,4
Morocco,2020,4
New Zealand,2020,0
Singapore,2020,1
Viet Nam,2020,0
South Africa,2020,0
Thailand,2020,0
Trinidad and Tobago,2020,4
Tunisia,2020,3
Egypt,2020,0
Uruguay,2020,0
American Samoa,2020,4
Czechia,2020,3
Andorra,2020,0
Argentina,2020,0
Brazil,2020,0
Central African Rep.,2020,4
Chile,2020,0
Benin,2020,4
Denmark,2020,3
Ethiopia,2020,0
Estonia,2020,3
"China, Hong Kong SAR",2020,0
Malta,2020,3
Mexico,2020,0
Nigeria,2020,0
Norway,2020,0
Papua New Guinea,2020,4
Peru,2020,0
Russian Federation,2020,0
Seychelles,2020,4
Eswatini,2020,0
Sweden,2020,0
USA,2020,0
Bosnia Herzegovina,2020,3
Botswana,2020,4
Dem. Rep. of the Congo,2020,0
Cuba,2020,0
Equatorial Guinea,2020,4
Namibia,2020,4
Portugal,2020,4
Sao Tome and Principe,2020,4
Antigua and Barbuda,2020,4
Barbados,2020,4
Br. Virgin Isds,2020,2
Dominica,2020,4
Grenada,2020,2
Rep. of Moldova,2020,3
Montserrat,2020,4
Saint Vincent and the Grenadines,2020,4
Azerbaijan,2020,3
Belarus,2020,0
Iran,2020,4
Kyrgyzstan,2020,3
Latvia,2020,3
Luxembourg,2020,2
Oman,2020,4
Pakistan,2020,4
United Arab Emirates,2020,4
Australia,2020,0
Bahamas,2020,2
Bahrain,2020,0
Armenia,2020,3
Bermuda,2020,0
Bolivia (Plurinational State of),2020,0
Belize,2020,0
Bulgaria,2020,3
Myanmar,2020,4
Cambodia,2020,4
China,2020,0
Colombia,2020,0
Cyprus,2020,3
Ecuador,2020,0
Finland,2020,0
State of Palestine,2020,0
Guatemala,2020,0
Guyana,2020,4
Honduras,2020,4
Indonesia,2020,4
Iraq,2020,4
Israel,2020,0
Jamaica,2020,1
Kazakhstan,2020,3
Kuwait,2020,4
Lebanon,2020,0
Lithuania,2020,3
"China, Macao SAR",2020,1
Malaysia,2020,4
Mauritius,2020,4
"Other Asia, nes",2020,0
Mongolia,2020,4
Mozambique,2020,4
Nicaragua,2020,0
Paraguay,2020,0
Philippines,2020,4
Saint Lucia,2020,0
Slovakia,2020,3
Suriname,2020,4
Togo,2020,4
Ukraine,2020,3
Venezuela,2020,4
Yemen,2020,4
Bangladesh,2020,4
Bhutan,2020,3
Solomon Isds,2020,4
Burundi,2020,4
Cayman Isds,2020,0
Christmas Isds,2020,0
Cocos Isds,2020,1
Cook Isds,2020,0
Croatia,2020,2
Fiji,2020,4
Djibouti,2020,4
Ghana,2020,4
Kiribati,2020,4
Iceland,2020,3
Lesotho,2020,2
Liberia,2020,2
Madagascar,2020,4
Malawi,2020,4
Maldives,2020,1
Montenegro,2020,3
Nauru,2020,4
CuraÃ§ao,2020,1
New Caledonia,2020,0
Vanuatu,2020,0
Norfolk Isds,2020,0
FS Micronesia,2020,4
Marshall Isds,2020,0
Palau,2020,4
Timor-Leste,2020,4
Rwanda,2020,0
Tonga,2020,4
Tuvalu,2020,4
United Rep. of Tanzania,2020,0
Samoa,2020,0
Zambia,2020,4
Cabo Verde,2020,4
Gambia,2020,4
Gibraltar,2020,1
Guinea,2020,4
Libya,2020,3
Guinea-Bissau,2020,4
Saint BarthÃ©lemy,2020,0
San Marino,2020,0
Sierra Leone,2020,4
Somalia,2020,4
South Sudan,2020,4
Sudan,2020,4
Syria,2020,4
Turkmenistan,2020,4
Haiti,2020,4
Dem. People's Rep. of Korea,2020,0
Aruba,2020,0
Saint Kitts and Nevis,2020,2
Anguilla,2020,0
Turks and Caicos Isds,2020,2
Chad,2020,4
Comoros,2020,2
Eritrea,2020,4
Saint Maarten,2020,0
Wallis and Futuna Isds,2020,0
Br. Indian Ocean Terr.,2020,0
Greenland,2020,0
Saint Pierre and Miquelon,2020,2
Falkland Isds (Malvinas),2020,3
Niue,2020,0
Guam,2020,4
Saint Helena,2020,2
Tokelau,2020,4
Bonaire,2020,2
N. Mariana Isds,2020,3
Fr. South Antarctic Terr.,2020,2
Pitcairn,2020,0
Afghanistan,2021,2
Austria,2021,0
Belgium,2021,0
Canada,2021,1
Sri Lanka,2021,2
France,2021,0
Djibouti,2021,2
Germany,2021,0
Hungary,2021,0
Ireland,2021,0
Rep. of Korea,2021,1
Lao People's Dem. Rep.,2021,2
Mozambique,2021,1
Nepal,2021,1
Netherlands,2021,0
New Zealand,2021,1
Pakistan,2021,2
Senegal,2021,2
Singapore,2021,0
Slovenia,2021,0
South Africa,2021,1
Spain,2021,0
Switzerland,2021,0
TÃ¼rkiye,2021,2
Albania,2021,0
Bosnia Herzegovina,2021,2
Bulgaria,2021,3
Cyprus,2021,0
Czechia,2021,3
Denmark,2021,3
Dominican Rep.,2021,1
El Salvador,2021,2
Finland,2021,1
Greece,2021,0
Guatemala,2021,2
Italy,2021,0
Latvia,2021,3
Oman,2021,2
Niger,2021,2
Panama,2021,2
Poland,2021,1
Qatar,2021,2
Romania,2021,3
Serbia,2021,2
Slovakia,2021,3
Tunisia,2021,2
Uganda,2021,1
North Macedonia,2021,2
USA,2021,1
Burkina Faso,2021,1
Algeria,2021,2
Cameroon,2021,1
Benin,2021,1
Georgia,2021,2
Indonesia,2021,2
CÃ´te d'Ivoire,2021,1
Jordan,2021,2
Madagascar,2021,2
Mauritania,2021,2
Morocco,2021,2
Portugal,2021,3
Saudi Arabia,2021,1
India,2021,1
Viet Nam,2021,2
Trinidad and Tobago,2021,2
United Arab Emirates,2021,2
Egypt,2021,2
Uruguay,2021,2
American Samoa,2021,0
Fiji,2021,1
Kenya,2021,2
Mauritius,2021,2
Papua New Guinea,2021,1
Rwanda,2021,1
Samoa,2021,1
Andorra,2021,2
Antigua and Barbuda,2021,2
Argentina,2021,2
Brazil,2021,2
Chile,2021,2
Colombia,2021,2
Croatia,2021,1
Cuba,2021,2
Iceland,2021,1
Israel,2021,1
Japan,2021,1
Luxembourg,2021,0
Malta,2021,3
Mexico,2021,2
Sweden,2021,1
United Kingdom,2021,1
Zambia,2021,2
Angola,2021,1
Belarus,2021,2
China,2021,2
Congo,2021,1
Ghana,2021,2
Kuwait,2021,1
Namibia,2021,2
Nigeria,2021,2
Sao Tome and Principe,2021,1
Thailand,2021,2
Venezuela,2021,2
Barbados,2021,2
Br. Virgin Isds,2021,2
Dominica,2021,1
Gabon,2021,2
Grenada,2021,2
Rep. of Moldova,2021,2
Montserrat,2021,1
Saint Lucia,2021,1
Saint Vincent and the Grenadines,2021,2
Azerbaijan,2021,2
Myanmar,2021,1
"China, Hong Kong SAR",2021,2
Kazakhstan,2021,2
Kyrgyzstan,2021,2
Russian Federation,2021,2
Tajikistan,2021,2
Ukraine,2021,2
Uzbekistan,2021,3
Australia,2021,1
Bahamas,2021,2
Bahrain,2021,0
Armenia,2021,2
Bermuda,2021,2
Bolivia (Plurinational State of),2021,2
Botswana,2021,2
Belize,2021,2
Cambodia,2021,2
Cayman Isds,2021,2
Costa Rica,2021,2
Ecuador,2021,2
Ethiopia,2021,0
Estonia,2021,3
French Polynesia,2021,0
Guyana,2021,1
Honduras,2021,2
Iraq,2021,0
Jamaica,2021,2
Lebanon,2021,2
Lithuania,2021,3
"China, Macao SAR",2021,0
Malaysia,2021,2
"Other Asia, nes",2021,2
Mongolia,2021,2
Nicaragua,2021,2
Norway,2021,1
Paraguay,2021,2
Peru,2021,2
Philippines,2021,2
Zimbabwe,2021,2
Togo,2021,2
United Rep. of Tanzania,2021,1
Bangladesh,2021,2
Bhutan,2021,1
Solomon Isds,2021,1
Brunei Darussalam,2021,0
Burundi,2021,1
Christmas Isds,2021,1
Cocos Isds,2021,1
Dem. Rep. of the Congo,2021,1
Cook Isds,2021,1
Eritrea,2021,1
State of Palestine,2021,0
Kiribati,2021,1
Iran,2021,2
Lesotho,2021,1
Liberia,2021,1
Libya,2021,2
Malawi,2021,1
Maldives,2021,1
Mali,2021,2
Montenegro,2021,2
Nauru,2021,1
New Caledonia,2021,1
Vanuatu,2021,1
Niue,2021,1
Norfolk Isds,2021,1
FS Micronesia,2021,1
Marshall Isds,2021,1
Palau,2021,1
Timor-Leste,2021,2
Seychelles,2021,2
Suriname,2021,1
Eswatini,2021,0
Tonga,2021,1
Tuvalu,2021,1
Yemen,2021,2
Cabo Verde,2021,0
Central African Rep.,2021,2
Chad,2021,1
Equatorial Guinea,2021,2
Gambia,2021,2
Gibraltar,2021,0
Guinea,2021,2
Haiti,2021,0
CuraÃ§ao,2021,1
Guinea-Bissau,2021,0
San Marino,2021,2
Sierra Leone,2021,1
Somalia,2021,2
South Sudan,2021,1
Sudan,2021,2
Syria,2021,2
Turkmenistan,2021,2
Turks and Caicos Isds,2021,1
Dem. People's Rep. of Korea,2021,2
Aruba,2021,2
Saint Maarten,2021,1
Saint Kitts and Nevis,2021,1
Anguilla,2021,2
Br. Indian Ocean Terr.,2021,0
Comoros,2021,2
Saint Pierre and Miquelon,2021,0
Wallis and Futuna Isds,2021,2
Greenland,2021,0
Fr. South Antarctic Terr.,2021,2
Falkland Isds (Malvinas),2021,2
Tokelau,2021,0
Guam,2021,1
N. Mariana Isds,2021,2
Bonaire,2021,1
Pitcairn,2021,2
Saint BarthÃ©lemy,2021,2
Saint Helena,2021,1
Afghanistan,2022,0
Brunei Darussalam,2022,3
Myanmar,2022,0
Canada,2022,3
Cyprus,2022,2
Denmark,2022,2
France,2022,2
Gambia,2022,0
Germany,2022,2
Namibia,2022,0
Nepal,2022,0
Poland,2022,2
Senegal,2022,0
Singapore,2022,3
Slovenia,2022,1
South Africa,2022,0
Spain,2022,1
Switzerland,2022,1
Thailand,2022,3
United Arab Emirates,2022,3
Albania,2022,2
Austria,2022,1
Belgium,2022,2
Bosnia Herzegovina,2022,0
Bulgaria,2022,2
Czechia,2022,2
Ecuador,2022,3
El Salvador,2022,3
Finland,2022,0
Greece,2022,2
Hungary,2022,2
Ireland,2022,2
Italy,2022,2
CÃ´te d'Ivoire,2022,0
Rep. of Korea,2022,3
Lithuania,2022,0
Malta,2022,0
Mozambique,2022,0
Netherlands,2022,2
Niger,2022,0
Qatar,2022,3
Romania,2022,2
India,2022,0
Slovakia,2022,2
TÃ¼rkiye,2022,3
Uganda,2022,3
North Macedonia,2022,0
United Kingdom,2022,3
USA,2022,3
Algeria,2022,3
Angola,2022,0
Cameroon,2022,0
Estonia,2022,0
Jordan,2022,3
Luxembourg,2022,2
Mauritania,2022,0
Morocco,2022,0
Saudi Arabia,2022,3
Viet Nam,2022,3
Tunisia,2022,3
Egypt,2022,3
Burkina Faso,2022,0
Uruguay,2022,3
American Samoa,2022,3
Kenya,2022,0
Kuwait,2022,3
Samoa,2022,3
Andorra,2022,3
Sri Lanka,2022,0
Colombia,2022,3
Croatia,2022,2
Djibouti,2022,3
Ghana,2022,0
Israel,2022,3
Japan,2022,3
Latvia,2022,0
Mexico,2022,3
Papua New Guinea,2022,0
Peru,2022,3
Sweden,2022,3
Brazil,2022,3
Congo,2022,2
Dem. Rep. of the Congo,2022,0
Cuba,2022,3
Ethiopia,2022,3
Kazakhstan,2022,0
Nigeria,2022,3
Portugal,2022,3
Sao Tome and Principe,2022,0
Antigua and Barbuda,2022,3
Br. Virgin Isds,2022,3
Burundi,2022,0
Dominica,2022,0
Gabon,2022,0
Grenada,2022,3
Maldives,2022,0
Montserrat,2022,2
Aruba,2022,3
Saint Kitts and Nevis,2022,3
Anguilla,2022,3
Saint Vincent and the Grenadines,2022,3
Trinidad and Tobago,2022,0
Azerbaijan,2022,0
Belarus,2022,0
Georgia,2022,0
"China, Hong Kong SAR",2022,3
Kyrgyzstan,2022,0
Rep. of Moldova,2022,0
Oman,2022,3
Norway,2022,3
Russian Federation,2022,0
Ukraine,2022,0
Uzbekistan,2022,0
Argentina,2022,3
Australia,2022,3
Bahrain,2022,3
Armenia,2022,0
Barbados,2022,3
Bolivia (Plurinational State of),2022,3
Botswana,2022,0
Belize,2022,3
Cambodia,2022,0
Chile,2022,3
China,2022,3
Costa Rica,2022,3
Benin,2022,3
Dominican Rep.,2022,3
French Polynesia,2022,2
Guatemala,2022,3
Guyana,2022,0
Honduras,2022,0
Indonesia,2022,0
Iran,2022,0
Iraq,2022,3
Jamaica,2022,0
Lebanon,2022,3
"China, Macao SAR",2022,3
Malaysia,2022,3
Mali,2022,3
Mauritius,2022,3
"Other Asia, nes",2022,3
Mongolia,2022,0
New Zealand,2022,3
Nicaragua,2022,0
Pakistan,2022,0
Panama,2022,3
Paraguay,2022,3
Philippines,2022,0
Serbia,2022,0
Eswatini,2022,0
Tajikistan,2022,0
United Rep. of Tanzania,2022,3
Venezuela,2022,3
Bahamas,2022,3
Bangladesh,2022,0
Bermuda,2022,3
Bhutan,2022,3
Solomon Isds,2022,0
Cayman Isds,2022,3
Christmas Isds,2022,3
Cocos Isds,2022,3
Cook Isds,2022,3
Falkland Isds (Malvinas),2022,3
Fiji,2022,0
State of Palestine,2022,1
Kiribati,2022,0
Guinea,2022,0
Iceland,2022,3
Lao People's Dem. Rep.,2022,3
Liberia,2022,0
Libya,2022,3
Madagascar,2022,3
Malawi,2022,0
Montenegro,2022,0
Nauru,2022,0
CuraÃ§ao,2022,0
New Caledonia,2022,3
Vanuatu,2022,3
Norfolk Isds,2022,3
FS Micronesia,2022,0
Marshall Isds,2022,3
Palau,2022,0
Timor-Leste,2022,0
Rwanda,2022,0
Seychelles,2022,3
Somalia,2022,0
Zimbabwe,2022,3
Togo,2022,0
Tonga,2022,3
Tuvalu,2022,0
Yemen,2022,0
Zambia,2022,3
Cabo Verde,2022,0
Central African Rep.,2022,0
Chad,2022,0
Gibraltar,2022,3
Greenland,2022,2
Guam,2022,3
Haiti,2022,0
Lesotho,2022,0
N. Mariana Isds,2022,3
Guinea-Bissau,2022,0
Saint BarthÃ©lemy,2022,1
San Marino,2022,3
Sierra Leone,2022,0
South Sudan,2022,0
Sudan,2022,0
Syria,2022,0
Turkmenistan,2022,0
Saint Lucia,2022,0
Suriname,2022,3
Turks and Caicos Isds,2022,3
Comoros,2022,3
Equatorial Guinea,2022,0
Eritrea,2022,0
Dem. People's Rep. of Korea,2022,0
Saint Maarten,2022,3
Tokelau,2022,0
Br. Indian Ocean Terr.,2022,3
Saint Pierre and Miquelon,2022,3
Fr. South Antarctic Terr.,2022,2
Wallis and Futuna Isds,2022,3
Bonaire,2022,3
Niue,2022,3
Pitcairn,2022,3
Saint Helena,2022,3
Afghanistan,2023,2
Australia,2023,0
Botswana,2023,2
Canada,2023,0
France,2023,0
Ireland,2023,0
Kazakhstan,2023,3
Nigeria,2023,2
Philippines,2023,2
Saudi Arabia,2023,1
Singapore,2023,0
Spain,2023,1
Switzerland,2023,3
Thailand,2023,2
Albania,2023,2
Azerbaijan,2023,2
Austria,2023,3
Belgium,2023,1
Bulgaria,2023,1
Burundi,2023,2
Cyprus,2023,1
Czechia,2023,1
Denmark,2023,1
Finland,2023,1
Georgia,2023,2
Germany,2023,1
Greece,2023,1
Hungary,2023,1
Italy,2023,1
CÃ´te d'Ivoire,2023,2
Kenya,2023,2
Rep. of Korea,2023,0
Lithuania,2023,1
Luxembourg,2023,1
Netherlands,2023,1
Poland,2023,1
Qatar,2023,2
Romania,2023,1
Senegal,2023,2
Serbia,2023,3
Slovakia,2023,1
TÃ¼rkiye,2023,2
Uganda,2023,2
North Macedonia,2023,3
Burkina Faso,2023,2
Algeria,2023,2
Cambodia,2023,2
Cameroon,2023,2
Chile,2023,0
Djibouti,2023,2
Jordan,2023,2
Madagascar,2023,2
Malaysia,2023,0
Mali,2023,2
Morocco,2023,2
Portugal,2023,0
India,2023,2
Viet Nam,2023,0
South Africa,2023,0
Uruguay,2023,0
American Samoa,2023,2
Gambia,2023,0
Mauritius,2023,2
Namibia,2023,0
New Zealand,2023,0
Samoa,2023,2
Andorra,2023,0
China,2023,0
Colombia,2023,0
El Salvador,2023,0
Gabon,2023,2
Kuwait,2023,0
Malta,2023,1
Norway,2023,1
Panama,2023,0
Saint Vincent and the Grenadines,2023,0
Sweden,2023,1
Ukraine,2023,3
United Kingdom,2023,0
Angola,2023,2
Brazil,2023,0
Cabo Verde,2023,0
Congo,2023,1
Dem. Rep. of the Congo,2023,2
Cuba,2023,0
Gibraltar,2023,0
Mongolia,2023,3
Sao Tome and Principe,2023,2
USA,2023,0
Antigua and Barbuda,2023,2
Br. Virgin Isds,2023,0
Dominica,2023,2
Grenada,2023,2
Jamaica,2023,0
Montserrat,2023,3
CuraÃ§ao,2023,2
Saint Maarten,2023,0
Saint Kitts and Nevis,2023,0
Trinidad and Tobago,2023,2
Egypt,2023,2
Brunei Darussalam,2023,1
Belarus,2023,3
"China, Hong Kong SAR",2023,0
Israel,2023,0
Latvia,2023,1
Russian Federation,2023,3
United Arab Emirates,2023,2
Uzbekistan,2023,3
Argentina,2023,0
Bahrain,2023,3
Armenia,2023,3
Barbados,2023,0
Bolivia (Plurinational State of),2023,0
Bosnia Herzegovina,2023,3
Belize,2023,0
Myanmar,2023,2
Sri Lanka,2023,2
Costa Rica,2023,0
Benin,2023,2
Dominican Rep.,2023,0
Ecuador,2023,0
Estonia,2023,1
French Polynesia,2023,1
Ghana,2023,2
Guatemala,2023,0
Guyana,2023,2
Honduras,2023,0
Iceland,2023,1
Indonesia,2023,2
Iraq,2023,2
Japan,2023,0
Kyrgyzstan,2023,3
Lao People's Dem. Rep.,2023,0
Lebanon,2023,2
"China, Macao SAR",2023,1
Mexico,2023,0
"Other Asia, nes",2023,0
Rep. of Moldova,2023,3
Mozambique,2023,2
Oman,2023,2
Nicaragua,2023,2
Niger,2023,2
Pakistan,2023,2
Paraguay,2023,0
Peru,2023,0
Suriname,2023,2
Eswatini,2023,2
Tunisia,2023,2
Venezuela,2023,2
Yemen,2023,2
Bahamas,2023,0
Bangladesh,2023,2
Bermuda,2023,0
Bhutan,2023,1
Solomon Isds,2023,2
Cayman Isds,2023,0
Christmas Isds,2023,0
Cocos Isds,2023,0
Cook Isds,2023,0
Croatia,2023,3
Ethiopia,2023,0
Eritrea,2023,2
Fiji,2023,2
State of Palestine,2023,0
Kiribati,2023,2
Guam,2023,3
Guinea,2023,2
Iran,2023,3
Liberia,2023,2
Libya,2023,2
Malawi,2023,0
Maldives,2023,2
Mauritania,2023,2
Montenegro,2023,3
Nauru,2023,0
Nepal,2023,1
New Caledonia,2023,0
Vanuatu,2023,2
Niue,2023,0
Norfolk Isds,2023,0
FS Micronesia,2023,1
Marshall Isds,2023,1
Palau,2023,0
Papua New Guinea,2023,2
Timor-Leste,2023,2
Rwanda,2023,2
Seychelles,2023,2
Slovenia,2023,3
Zimbabwe,2023,2
Syria,2023,3
Tajikistan,2023,2
Togo,2023,0
Tonga,2023,2
Tuvalu,2023,1
United Rep. of Tanzania,2023,0
Zambia,2023,1
Chad,2023,2
Comoros,2023,1
Equatorial Guinea,2023,2
Greenland,2023,0
Lesotho,2023,2
Guinea-Bissau,2023,2
San Marino,2023,0
Sierra Leone,2023,0
Somalia,2023,2
South Sudan,2023,2
Sudan,2023,1
Turkmenistan,2023,2
Haiti,2023,2
Aruba,2023,0
Anguilla,2023,0
Saint Lucia,2023,2
Turks and Caicos Isds,2023,0
Central African Rep.,2023,1
Falkland Isds (Malvinas),2023,1
Br. Indian Ocean Terr.,2023,0
Dem. People's Rep. of Korea,2023,2
Saint Pierre and Miquelon,2023,0
Fr. South Antarctic Terr.,2023,0
Wallis and Futuna Isds,2023,2
Saint BarthÃ©lemy,2023,2
Pitcairn,2023,0
Saint Helena,2023,0
N. Mariana Isds,2023,1
Bonaire,2023,0
Tokelau,2023,1
Afghanistan,2024,0
Australia,2024,3
Belgium,2024,2
Brunei Darussalam,2024,3
Canada,2024,3
France,2024,2
Germany,2024,2
Grenada,2024,3
Ireland,2024,2
Kenya,2024,0
Rep. of Korea,2024,3
Montserrat,2024,3
Netherlands,2024,2
New Zealand,2024,3
Saudi Arabia,2024,1
India,2024,0
Singapore,2024,3
Switzerland,2024,4
United Kingdom,2024,2
Burkina Faso,2024,0
Uzbekistan,2024,1
Albania,2024,1
Austria,2024,4
Bosnia Herzegovina,2024,1
Croatia,2024,1
Cyprus,2024,1
Czechia,2024,1
Denmark,2024,1
Finland,2024,1
Greece,2024,1
Italy,2024,2
CÃ´te d'Ivoire,2024,0
Kuwait,2024,3
Lithuania,2024,1
Luxembourg,2024,1
Madagascar,2024,0
Malta,2024,2
Mozambique,2024,3
Norway,2024,1
Poland,2024,1
Qatar,2024,3
Senegal,2024,0
Serbia,2024,1
Slovakia,2024,1
South Africa,2024,3
Spain,2024,3
TÃ¼rkiye,2024,3
Uganda,2024,3
North Macedonia,2024,1
Algeria,2024,1
Argentina,2024,3
Cambodia,2024,3
Benin,2024,0
Guatemala,2024,3
Hungary,2024,1
Indonesia,2024,3
Mauritania,2024,0
Morocco,2024,0
Portugal,2024,3
Thailand,2024,3
Tunisia,2024,1
Uruguay,2024,3
American Samoa,2024,0
Bulgaria,2024,1
Samoa,2024,0
Andorra,2024,3
Angola,2024,3
Costa Rica,2024,3
El Salvador,2024,3
Honduras,2024,3
Sweden,2024,1
Brazil,2024,3
China,2024,3
Congo,2024,0
Dem. Rep. of the Congo,2024,0
Cuba,2024,0
Mexico,2024,3
Namibia,2024,3
Sao Tome and Principe,2024,3
Viet Nam,2024,3
Zimbabwe,2024,3
United Arab Emirates,2024,3
USA,2024,3
Antigua and Barbuda,2024,3
Bermuda,2024,2
Br. Virgin Isds,2024,3
Dominica,2024,3
Guyana,2024,0
Maldives,2024,0
Mauritius,2024,3
Saint Maarten,2024,3
Saint Kitts and Nevis,2024,3
Trinidad and Tobago,2024,4
Azerbaijan,2024,1
Belarus,2024,1
Georgia,2024,1
Latvia,2024,1
Russian Federation,2024,4
Tajikistan,2024,0
Turkmenistan,2024,1
Bahamas,2024,3
Bahrain,2024,1
Armenia,2024,1
Barbados,2024,3
Bolivia (Plurinational State of),2024,3
Belize,2024,3
Myanmar,2024,0
Sri Lanka,2024,0
Chile,2024,3
Colombia,2024,3
Dominican Rep.,2024,3
Ecuador,2024,3
Fiji,2024,0
"China, Hong Kong SAR",2024,3
Iraq,2024,0
Israel,2024,3
Japan,2024,3
Kazakhstan,2024,0
Jordan,2024,1
Kyrgyzstan,2024,1
Lebanon,2024,1
Lesotho,2024,2
"China, Macao SAR",2024,3
Malaysia,2024,3
"Other Asia, nes",2024,3
Rep. of Moldova,2024,1
Oman,2024,1
Nicaragua,2024,0
Niger,2024,0
Pakistan,2024,0
Panama,2024,3
Paraguay,2024,3
Peru,2024,3
Philippines,2024,0
Romania,2024,4
Slovenia,2024,4
Suriname,2024,0
Ukraine,2024,1
Egypt,2024,0
Venezuela,2024,0
Zambia,2024,3
Bangladesh,2024,0
Bhutan,2024,0
Solomon Isds,2024,0
Cayman Isds,2024,3
Central African Rep.,2024,0
Christmas Isds,2024,3
Cocos Isds,2024,1
Cook Isds,2024,3
Ethiopia,2024,0
Estonia,2024,1
French Polynesia,2024,4
Ghana,2024,0
Kiribati,2024,3
Guam,2024,4
Iceland,2024,3
Iran,2024,2
Jamaica,2024,1
Lao People's Dem. Rep.,2024,3
Libya,2024,1
Malawi,2024,0
Mali,2024,0
Mongolia,2024,0
Montenegro,2024,1
Nauru,2024,0
Nepal,2024,0
New Caledonia,2024,3
Vanuatu,2024,3
Nigeria,2024,3
Norfolk Isds,2024,3
FS Micronesia,2024,0
Marshall Isds,2024,3
Palau,2024,3
Papua New Guinea,2024,0
Timor-Leste,2024,3
Seychelles,2024,0
Tonga,2024,0
Tuvalu,2024,0
United Rep. of Tanzania,2024,1
Yemen,2024,0
Botswana,2024,0
Burundi,2024,0
Cameroon,2024,3
Chad,2024,0
Equatorial Guinea,2024,0
Djibouti,2024,0
Gabon,2024,0
Gambia,2024,3
State of Palestine,2024,4
Gibraltar,2024,2
Guinea,2024,0
Haiti,2024,3
Liberia,2024,0
Guinea-Bissau,2024,0
Rwanda,2024,0
Anguilla,2024,3
San Marino,2024,3
Sierra Leone,2024,0
Somalia,2024,0
South Sudan,2024,0
Sudan,2024,0
Eswatini,2024,2
Syria,2024,0
Togo,2024,0
Turks and Caicos Isds,2024,2
CuraÃ§ao,2024,0
Aruba,2024,3
Saint Lucia,2024,0
Saint Vincent and the Grenadines,2024,0
Cabo Verde,2024,3
Comoros,2024,0
Eritrea,2024,0
Falkland Isds (Malvinas),2024,3
Fr. South Antarctic Terr.,2024,1
Greenland,2024,2
Bonaire,2024,2
Saint BarthÃ©lemy,2024,4
Br. Indian Ocean Terr.,2024,3
Saint Pierre and Miquelon,2024,3
Dem. People's Rep. of Korea,2024,3
N. Mariana Isds,2024,3
Wallis and Futuna Isds,2024,0
Tokelau,2024,2
Pitcairn,2024,3
Niue,2024,3
Saint Helena,2024,2
